,neuron_1,neuron_2,neuron_3,neuron_4,neuron_5,neuron_6,neuron_7,neuron_8,neuron_9,neuron_10,neuron_11,neuron_12,neuron_13,neuron_14,neuron_15,neuron_16
0,0.05273354,0.051910993,0.048778873,-0.047789466,-0.043523517,-0.053522527,-0.04672282,-0.058722474,-0.04848377,-0.02192442,0.045377884,-0.05142693,0.05632855,0.053355426,0.04485618,-0.056427415
