,neuron_1,neuron_2,neuron_3,neuron_4,neuron_5,neuron_6,neuron_7,neuron_8,neuron_9,neuron_10,neuron_11,neuron_12,neuron_13,neuron_14,neuron_15,neuron_16
0,-0.05562232,-0.057293024,-0.05729158,0.058816064,0.04585393,0.05096718,0.050120804,0.059193544,0.051427126,0.030107806,-0.045770068,0.05385691,-0.056785863,-0.055678133,-0.051753484,0.057172175
